{"cameraMode":{"drawMode":0,"name":"Shaded","section":"Shading Mode"},"sceneLighting":true,"audioPlay":false,"sceneViewState":{"m_AlwaysRefresh":false,"showFog":true,"showSkybox":true,"showFlares":true,"showImageEffects":true,"showParticleSystems":true,"showVisualEffectGraphs":true,"m_FxEnabled":true},"in2DMode":false,"pivot":{"x":91.36285400390625,"y":91.67205047607422,"z":149.09693908691407},"rotation":{"x":-0.033791884779930118,"y":0.8404088616371155,"z":0.052754759788513187,"w":0.538320779800415},"size":14.134788513183594,"orthographic":false}